time,lat,lon,WMO_WIND,WMO_PRES,USA_WIND,USA_PRES,NAME,SID
2020-05-15 06:00:00,9.5,87.5,,,20.0,1007.0,AMPHAN,2020136N10088
2020-05-15 09:00:00,9.5,87.2,,,25.0,1005.0,AMPHAN,2020136N10088
2020-05-15 12:00:00,9.5,87.0,,,30.0,1002.0,AMPHAN,2020136N10088
2020-05-15 15:00:00,9.5,86.8,,,30.0,1002.0,AMPHAN,2020136N10088
2020-05-15 18:00:00,9.5,86.6,,,30.0,1001.0,AMPHAN,2020136N10088
2020-05-15 21:00:00,9.6,86.5,,,33.0,1000.0,AMPHAN,2020136N10088
2020-05-16 00:00:00,9.8,86.4,25.0,1000.0,35.0,999.0,AMPHAN,2020136N10088
2020-05-16 03:00:00,10.1,86.2,25.0,1000.0,38.0,998.0,AMPHAN,2020136N10088
2020-05-16 06:00:00,10.3,86.1,25.0,1000.0,40.0,997.0,AMPHAN,2020136N10088
2020-05-16 09:00:00,10.5,86.1,30.0,998.0,45.0,995.0,AMPHAN,2020136N10088
2020-05-16 12:00:00,10.6,86.2,35.0,996.0,50.0,992.0,AMPHAN,2020136N10088
2020-05-16 15:00:00,10.8,86.1,40.0,995.0,53.0,990.0,AMPHAN,2020136N10088
2020-05-16 18:00:00,10.9,86.1,40.0,995.0,55.0,987.0,AMPHAN,2020136N10088
2020-05-16 21:00:00,11.1,86.1,45.0,994.0,58.0,985.0,AMPHAN,2020136N10088
2020-05-17 00:00:00,11.2,86.1,45.0,993.0,60.0,982.0,AMPHAN,2020136N10088
2020-05-17 03:00:00,11.3,86.1,50.0,990.0,65.0,980.0,AMPHAN,2020136N10088
2020-05-17 06:00:00,11.5,86.2,55.0,988.0,70.0,978.0,AMPHAN,2020136N10088
2020-05-17 09:00:00,11.6,86.2,65.0,980.0,75.0,974.0,AMPHAN,2020136N10088
2020-05-17 12:00:00,11.9,86.2,70.0,978.0,80.0,970.0,AMPHAN,2020136N10088
2020-05-17 15:00:00,12.5,86.4,75.0,972.0,100.0,951.0,AMPHAN,2020136N10088
2020-05-17 18:00:00,12.5,86.4,80.0,970.0,120.0,932.0,AMPHAN,2020136N10088
2020-05-17 21:00:00,12.9,86.5,90.0,962.0,125.0,926.0,AMPHAN,2020136N10088
2020-05-18 00:00:00,13.2,86.4,100.0,952.0,130.0,919.0,AMPHAN,2020136N10088
2020-05-18 03:00:00,13.3,86.2,115.0,936.0,135.0,915.0,AMPHAN,2020136N10088
2020-05-18 06:00:00,13.4,86.2,120.0,930.0,140.0,911.0,AMPHAN,2020136N10088
2020-05-18 09:00:00,13.7,86.2,120.0,930.0,143.0,906.0,AMPHAN,2020136N10088
2020-05-18 12:00:00,14.1,86.4,125.0,926.0,145.0,901.0,AMPHAN,2020136N10088
2020-05-18 15:00:00,14.5,86.5,125.0,926.0,143.0,906.0,AMPHAN,2020136N10088
2020-05-18 18:00:00,14.9,86.6,130.0,920.0,140.0,910.0,AMPHAN,2020136N10088
2020-05-18 21:00:00,15.2,86.7,130.0,920.0,133.0,918.0,AMPHAN,2020136N10088
2020-05-19 00:00:00,15.6,86.8,125.0,926.0,125.0,925.0,AMPHAN,2020136N10088
2020-05-19 03:00:00,16.0,86.9,120.0,930.0,118.0,933.0,AMPHAN,2020136N10088
2020-05-19 06:00:00,16.5,87.0,115.0,936.0,110.0,941.0,AMPHAN,2020136N10088
2020-05-19 09:00:00,16.9,87.0,110.0,942.0,108.0,944.0,AMPHAN,2020136N10088
2020-05-19 12:00:00,17.3,87.1,105.0,946.0,105.0,946.0,AMPHAN,2020136N10088
2020-05-19 15:00:00,17.9,87.1,100.0,948.0,105.0,946.0,AMPHAN,2020136N10088
2020-05-19 18:00:00,18.3,87.2,100.0,948.0,105.0,945.0,AMPHAN,2020136N10088
2020-05-19 21:00:00,18.7,87.3,100.0,948.0,103.0,946.0,AMPHAN,2020136N10088
2020-05-20 00:00:00,19.2,87.5,95.0,952.0,100.0,947.0,AMPHAN,2020136N10088
2020-05-20 03:00:00,19.8,87.7,95.0,954.0,98.0,950.0,AMPHAN,2020136N10088
2020-05-20 06:00:00,20.6,88.0,90.0,956.0,95.0,953.0,AMPHAN,2020136N10088
2020-05-20 09:00:00,21.4,88.1,90.0,960.0,95.0,954.0,AMPHAN,2020136N10088
2020-05-20 12:00:00,22.1,88.4,85.0,957.0,95.0,954.0,AMPHAN,2020136N10088
2020-05-20 15:00:00,22.8,88.6,65.0,968.0,83.0,964.0,AMPHAN,2020136N10088
2020-05-20 18:00:00,23.5,89.1,50.0,978.0,70.0,974.0,AMPHAN,2020136N10088
2020-05-20 21:00:00,24.3,89.3,45.0,986.0,60.0,979.0,AMPHAN,2020136N10088
2020-05-21 00:00:00,24.6,89.6,40.0,988.0,50.0,984.0,AMPHAN,2020136N10088
2020-05-21 03:00:00,25.1,89.9,35.0,990.0,40.0,992.0,AMPHAN,2020136N10088
2020-05-21 06:00:00,25.4,90.1,30.0,992.0,30.0,1000.0,AMPHAN,2020136N10088
2020-05-21 09:00:00,25.2,89.6,,,,,AMPHAN,2020136N10088
2020-05-21 12:00:00,25.4,89.6,20.0,995.0,,,AMPHAN,2020136N10088
