time,t_index,lat,lon,pmin_lat,pmin_lon,lat_min,lat_max,lon_min,lon_max,n_cells,area_km2,max_ws,min_msl,max_z,min_z_msl,track_id
2020-05-16 18:00:00,11,10.840871810913086,85.72509002685547,10.75,86.0,9.375,12.375,84.625,86.875,68,51595.9296875,20.9252986907959,989.7114868164062,5.084192752838135,-10.817562103271484,0
2020-05-17 00:00:00,12,10.987640380859375,86.19145202636719,11.0,86.0,9.375,12.875,84.625,87.875,130,98602.625,25.964170455932617,981.6511840820312,6.076717853546143,-13.470181465148926,0
2020-05-17 06:00:00,13,11.547992706298828,86.48929595947266,11.5,86.5,9.625,13.375,84.625,88.375,179,135503.71875,25.760723114013672,979.510498046875,5.963226318359375,-15.224613189697266,0
2020-05-17 12:00:00,14,12.04002571105957,86.52542114257812,12.25,86.25,10.125,13.875,84.625,88.625,164,123941.34375,25.498014450073242,977.2485961914062,6.766547679901123,-16.13994598388672,0
2020-05-17 18:00:00,15,12.65015697479248,86.5404281616211,12.75,86.5,10.625,14.875,84.625,88.625,203,153029.578125,25.25765037536621,976.39013671875,6.00483512878418,-15.66804027557373,0
2020-05-18 00:00:00,16,13.022692680358887,86.5269775390625,13.0,86.25,10.625,15.625,84.125,88.875,264,198763.953125,27.100948333740234,970.8995361328125,6.178545951843262,-16.555871963500977,0
2020-05-18 06:00:00,17,13.497053146362305,86.44793701171875,13.75,86.25,10.875,16.125,84.125,88.875,293,220150.453125,27.24435806274414,968.4095458984375,6.42343807220459,-18.113847732543945,0
2020-05-18 12:00:00,18,13.985142707824707,86.51366424560547,14.0,86.25,11.375,16.625,84.125,89.375,325,243697.21875,29.226024627685547,961.4743041992188,8.053736686706543,-21.68303871154785,0
2020-05-18 18:00:00,19,14.682455062866211,86.90692901611328,14.75,86.5,12.125,17.125,83.875,89.875,376,281158.125,29.46743392944336,959.8033447265625,8.240171432495117,-20.436412811279297,0
2020-05-19 00:00:00,20,15.572250366210938,86.93373107910156,15.75,86.75,12.625,18.375,84.125,89.625,385,286778.96875,31.255413055419922,952.7860717773438,9.733194351196289,-21.39650535583496,0
2020-05-19 06:00:00,21,16.421175003051758,87.10281372070312,16.75,86.75,13.375,19.125,84.125,89.875,385,285629.96875,33.12773895263672,948.6627197265625,10.71455192565918,-23.08274269104004,0
2020-05-19 12:00:00,22,17.344141006469727,87.53019714355469,17.25,87.0,14.625,19.875,84.625,90.625,365,269395.875,34.60200500488281,954.341796875,13.197005271911621,-19.2126407623291,0
2020-05-19 18:00:00,23,18.05075454711914,87.75870513916016,18.25,87.25,15.625,20.375,84.875,90.875,342,251402.75,32.68321990966797,961.0773315429688,13.300939559936523,-17.850454330444336,0
2020-05-20 00:00:00,24,18.829622268676758,88.13436889648438,19.25,87.5,16.375,21.375,85.375,90.875,279,204082.34375,29.00385856628418,963.6532592773438,12.180113792419434,-16.258554458618164,0
2020-05-20 06:00:00,25,19.913854598999023,88.73410034179688,20.75,87.75,17.625,21.875,86.375,91.125,248,180262.65625,27.09953498840332,968.6377563476562,12.36586856842041,-14.84010124206543,0
2020-05-20 12:00:00,26,21.15947151184082,89.42927551269531,22.0,88.25,19.875,22.375,87.125,91.625,104,74973.4765625,24.350461959838867,973.4659423828125,11.985060691833496,-12.802331924438477,0
2020-05-20 18:00:00,27,21.651968002319336,90.31922149658203,22.25,88.5,21.125,22.375,88.375,91.625,33,23704.328125,18.540306091308594,994.6626586914062,6.813675880432129,-4.4418416023254395,0
