time,max_ws,min_msl,max_z_ws,min_z_msl
2020-11-21 00:00:00,8.61,1007.51,2.19,-2.26
2020-11-21 06:00:00,9.15,1003.3,4.71,-3.25
2020-11-21 12:00:00,9.63,999.23,3.81,-2.59
2020-11-21 18:00:00,9.5,1007.0,3.1,-2.79
2020-11-22 00:00:00,10.8,1007.36,3.13,-3.21
2020-11-22 06:00:00,11.45,1008.06,4.1,-2.42
2020-11-22 12:00:00,9.73,1007.32,3.27,-1.24
2020-11-22 18:00:00,11.07,1008.52,2.69,-1.69
2020-11-23 00:00:00,13.6,1006.0,4.57,-2.35
2020-11-23 06:00:00,13.6,1006.12,3.48,-3.26
2020-11-23 12:00:00,14.42,1004.95,3.97,-2.75
2020-11-23 18:00:00,12.66,1005.63,3.42,-3.4
2020-11-24 00:00:00,13.61,1002.82,3.78,-4.2
2020-11-24 06:00:00,15.02,1003.03,4.83,-5.42
2020-11-24 12:00:00,19.5,997.94,7.25,-7.11
2020-11-24 18:00:00,17.94,998.05,5.87,-7.85
2020-11-25 00:00:00,18.8,996.1,6.95,-7.62
2020-11-25 06:00:00,21.11,994.07,8.25,-10.02
2020-11-25 12:00:00,20.84,993.49,7.4,-9.51
2020-11-25 18:00:00,20.6,995.78,8.11,-9.99
2020-11-26 00:00:00,19.59,996.83,8.02,-8.21
2020-11-26 06:00:00,18.75,1000.32,8.62,-7.42
2020-11-26 12:00:00,14.14,1002.28,7.4,-5.26
2020-11-26 18:00:00,14.11,1006.74,7.1,-4.05
2020-11-27 00:00:00,13.06,1007.07,5.89,-2.66
2020-11-27 06:00:00,10.56,1009.72,3.86,-2.03
2020-11-27 12:00:00,11.25,1008.16,4.53,-0.94
2020-11-27 18:00:00,12.04,1010.04,3.88,-0.32
2020-11-28 00:00:00,10.37,1009.45,4.08,-0.16
2020-11-28 06:00:00,10.06,1010.34,4.65,0.1
2020-11-28 12:00:00,10.26,1008.65,2.36,-0.22
2020-11-28 18:00:00,9.86,1010.0,2.21,-0.4
2020-11-29 00:00:00,9.98,1008.24,2.52,-0.9
