time,lead_h,members_present,members_agreeing,n_members
2021-05-23 00:00:00,48.0,19,1,30
2021-05-23 06:00:00,54.0,18,0,30
2021-05-23 12:00:00,60.0,18,1,30
2021-05-23 18:00:00,66.0,21,1,30
2021-05-24 00:00:00,72.0,25,1,30
2021-05-24 06:00:00,78.0,27,3,30
2021-05-24 12:00:00,84.0,28,2,30
2021-05-24 18:00:00,90.0,26,2,30
2021-05-25 00:00:00,96.0,29,3,30
2021-05-25 06:00:00,102.0,30,3,30
2021-05-25 12:00:00,108.0,29,4,30
2021-05-25 18:00:00,114.0,29,4,30
2021-05-26 00:00:00,120.0,27,4,30
2021-05-26 06:00:00,126.0,26,7,30
2021-05-26 12:00:00,132.0,18,0,30
2021-05-26 18:00:00,138.0,18,0,30
2021-05-27 00:00:00,144.0,17,0,30
