time,lead_h,frac_members_severe,n_members_with_object
2021-05-22 06:00:00,30.0,0.0,2
2021-05-22 12:00:00,36.0,0.0,8
2021-05-22 18:00:00,42.0,0.0,19
2021-05-23 00:00:00,48.0,0.1,19
2021-05-23 06:00:00,54.0,0.1,18
2021-05-23 12:00:00,60.0,0.1,18
2021-05-23 18:00:00,66.0,0.23333333333333334,21
2021-05-24 00:00:00,72.0,0.3333333333333333,25
2021-05-24 06:00:00,78.0,0.5333333333333333,27
2021-05-24 12:00:00,84.0,0.5333333333333333,28
2021-05-24 18:00:00,90.0,0.6,26
2021-05-25 00:00:00,96.0,0.7333333333333333,29
2021-05-25 06:00:00,102.0,0.7333333333333333,30
2021-05-25 12:00:00,108.0,0.6666666666666666,29
2021-05-25 18:00:00,114.0,0.7333333333333333,29
2021-05-26 00:00:00,120.0,0.6666666666666666,27
2021-05-26 06:00:00,126.0,0.5,26
2021-05-26 12:00:00,132.0,0.36666666666666664,18
2021-05-26 18:00:00,138.0,0.3,18
2021-05-27 00:00:00,144.0,0.2,17
